Origin,Origin_coordinates,Origin_code,Destination,Destination_coordinates,Dest_code,Road,Distance,AvgDurationm,Duration_min(minutes),Duration_max(minutes),Date,Time,Timestamp,Distance(KMs)
"Raidurg, Mindspace, Hitech City Rd, Phase 2, HITEC City, Hyderabad, Telangana 500081, India","17.4420795, 78.377135099",RDMTR,"Raheja Mindspace Building 12c, C9PP+R7C, Madhapur, Telangana 500081, India","17.4370659, 78.38563189999999",Raheja12C,Mindspace Madhapur Rd,1505,5,4,8,8/8/2022,8 to 10 AM,1659945600,1.5
"Raidurg, Mindspace, Hitech City Rd, Phase 2, HITEC City, Hyderabad, Telangana 500081, India","17.4420795, 78.377135099",RDMTR,"HONEYWELL IT SOLUTIONS PVT LTD, # 3rd Floor, LP Tower, opp. Melange Towers, HITEC City, Madhapur, Telangana 500081, India","17.4449562, 78.384171",Honeywell IT,Huda Techno Enclave Rd,1564,5,3,8,8/8/2022,8 to 10 AM,1659945600,1.6 km
"Raidurg, Mindspace, Hitech City Rd, Phase 2, HITEC City, Hyderabad, Telangana 500081, India","17.4420795, 78.377135099",RDMTR,"Inorbit Gate, Silpa Gram Craft Village, Hyderabad, Telangana 500081, India","17.43321, 78.38578",Inorbit Gate,Inorbit Mall Rd,1768,5,3,8,8/8/2022,8 to 10 AM,1659945600,1.8 km
"Raidurg, Mindspace, Hitech City Rd, Phase 2, HITEC City, Hyderabad, Telangana 500081, India","17.4420795, 78.377135099",RDMTR,"Divyasree Tech Park, C9GH+3J2, Silpa Gram Craft Village, HITEC City, Hyderabad, Telangana 500032, India","17.4251403, 78.379027",DivyasreeTP,Hitech City Main Rd,2546,5,3,6,8/8/2022,8 to 10 AM,1659945600,2.5 km
"Borabanda, Borabanda Railway Station Rd, Allapur, Borabanda, Madhapur, Telangana 500018, India","17.4592097, 78.4080362",BORMTS,"kazma technology, A1 Towers 4th Floor, Kavuri Hills Phase 3, Sri Rama Colony, Madhapur, Telangana 500033, India","17.4415495, 78.3966947",Kazmatech,Madhapur Rd,3883,14,12,20,8/8/2022,8 to 10 AM,1659945600,3.9 km
"Borabanda, Borabanda Railway Station Rd, Allapur, Borabanda, Madhapur, Telangana 500018, India","17.4592097, 78.4080362",BORMTS,"kazma technology, A1 Towers 4th Floor, Kavuri Hills Phase 3, Sri Rama Colony, Madhapur, Telangana 500033, India","17.4415495, 78.3966947",Kazmatech,Peeli Dargah Rd and Madhapur Rd,4231,16,14,22,8/8/2022,8 to 10 AM,1659945600,4.2 km
"Borabanda, Borabanda Railway Station Rd, Allapur, Borabanda, Madhapur, Telangana 500018, India","17.4592097, 78.4080362",BORMTS,"Madhapur Metro Station, Rd Number 36, Aditya Enclave, Venkatagiri, Jubilee Hills, Madhapur, Telangana 500033, India","17.43675829, 78.4006935",MADMTS,Madhapur Rd,4744,16,12,22,8/8/2022,8 to 10 AM,1659945600,4.7 km
"Borabanda, Borabanda Railway Station Rd, Allapur, Borabanda, Madhapur, Telangana 500018, India","17.4592097, 78.4080362",BORMTS,"Madhapur Metro Station, Rd Number 36, Aditya Enclave, Venkatagiri, Jubilee Hills, Madhapur, Telangana 500033, India","17.43675829, 78.4006936",MADMTS,Madhapur Rd and Rd Number 36,4461,14,12,20,8/8/2022,8 to 10 AM,1659945600,4.5 km
"Borabanda, Borabanda Railway Station Rd, Allapur, Borabanda, Madhapur, Telangana 500018, India","17.4592097, 78.4080362",BORMTS,"Madhapur Metro Station, Rd Number 36, Aditya Enclave, Venkatagiri, Jubilee Hills, Madhapur, Telangana 500033, India","17.43675829, 78.4006937",MADMTS,"Peeli Dargah Rd, Madhapur Rd and Rd Number 36",5092,18,14,24,8/8/2022,8 to 10 AM,1659945600,5.1 km
"Borabanda, Borabanda Railway Station Rd, Allapur, Borabanda, Madhapur, Telangana 500018, India","17.4592097, 78.4080362",BORMTS,"Hitech City Bus Stop, Hitech City Rd, Jaihind Enclave, HITEC City, Hyderabad, Telangana 500081, India","17.450128, 78.382053",HCBTS,Bhagyanagar Colony Main Rd and Hitech City Main Rd,4568,14,12,20,8/8/2022,8 to 10 AM,1659945600,4.6 km
"Borabanda, Borabanda Railway Station Rd, Allapur, Borabanda, Madhapur, Telangana 500018, India","17.4592097, 78.4080362",BORMTS,"Hitech City Bus Stop, Hitech City Rd, Jaihind Enclave, HITEC City, Hyderabad, Telangana 500081, India","17.450128, 78.382053",HCBTS,Madhapur Rd and 100 Feet Rd,4159,16,12,22,8/8/2022,8 to 10 AM,1659945600,4.2 km
"Borabanda, Borabanda Railway Station Rd, Allapur, Borabanda, Madhapur, Telangana 500018, India","17.4592097, 78.4080362",BORMTS,"Hitech City Bus Stop, Hitech City Rd, Jaihind Enclave, HITEC City, Hyderabad, Telangana 500081, India","17.450128, 78.382053",HCBTS,100 Feet Rd,4506,18,14,24,8/8/2022,8 to 10 AM,1659945600,4.5 km
"Raidurgam, Old Mumbai Hwy, Madhura Nagar Colony, Gachibowli, Hyderabad, Telangana 500032, India","17.4238511, 78.3801842",RDBST,"DivyaSree Tech Ridge, C978+2X7, Lanco Hills Private Rd, Khajaguda, Telangana 500089, India","17.4125502, 78.367424",DivyasreeTR,Gachibowli Rd/Old Mumbai Hwy and ESCI Rd,3546,8,6,10,8/8/2022,8 to 10 AM,1659945600,3.5 km
"Raidurgam, Old Mumbai Hwy, Madhura Nagar Colony, Gachibowli, Hyderabad, Telangana 500032, India","17.4238511, 78.3801842",RDBST,"DivyaSree Tech Ridge, C978+2X7, Lanco Hills Private Rd, Khajaguda, Telangana 500089, India","17.4125502, 78.367424",DivyasreeTR,Gachibowli Rd/Old Mumbai Hwy and Khajaguda - Nanakramguda Rd,4036,9,7,12,8/8/2022,8 to 10 AM,1659945600,4.0 km
"Raidurgam, Old Mumbai Hwy, Madhura Nagar Colony, Gachibowli, Hyderabad, Telangana 500032, India","17.4238511, 78.3801842",RDBST,"DivyaSree Tech Ridge, C978+2X7, Lanco Hills Private Rd, Khajaguda, Telangana 500089, India","17.4125502, 78.367424",DivyasreeTR,Khajaguda - Nanakramguda Rd and Lanco Hills Rd/Manikonda Rd,2569,8,7,10,8/8/2022,8 to 10 AM,1659945600,2.6 km
"Raidurgam, Old Mumbai Hwy, Madhura Nagar Colony, Gachibowli, Hyderabad, Telangana 500032, India","17.4238511, 78.3801842",RDBST,"Sohini Tech Park, Nanakramguda Rd, Financial District, Gachibowli, Nanakaramguda, Telangana 500032, India","17.422721499999998, 78.3471438",SohiniTP,Gachibowli Rd/Old Mumbai Hwy and Nehru Outer Ring Rd,6459,12,9,18,8/8/2022,8 to 10 AM,1659945600,6.5 km
"Raidurgam, Old Mumbai Hwy, Madhura Nagar Colony, Gachibowli, Hyderabad, Telangana 500032, India","17.4238511, 78.3801842",RDBST,"Sohini Tech Park, Nanakramguda Rd, Financial District, Gachibowli, Nanakaramguda, Telangana 500032, India","17.422721499999998, 78.3471438",SohiniTP,Gachibowli Rd/Old Mumbai Hwy and Khajaguda - Nanakramguda Rd,6240,14,10,18,8/8/2022,8 to 10 AM,1659945600,6.2 km
"Raidurgam, Old Mumbai Hwy, Madhura Nagar Colony, Gachibowli, Hyderabad, Telangana 500032, India","17.4238511, 78.3801842",RDBST,"Sohini Tech Park, Nanakramguda Rd, Financial District, Gachibowli, Nanakaramguda, Telangana 500032, India","17.422721499999998, 78.3471438",SohiniTP,Gachibowli Rd/Old Mumbai Hwy and ISB Rd,7845,16,12,20,8/8/2022,8 to 10 AM,1659945600,7.8 km
"Raidurgam, Old Mumbai Hwy, Madhura Nagar Colony, Gachibowli, Hyderabad, Telangana 500032, India","17.4238511, 78.3801842",RDBST,"Poojitha Tech Park, C85G+35Q, Financial District, Kokapet, Nanakaramguda, Telangana 500032, India","17.407702, 78.3254778",PoojithaTP,Nehru Outer Ring Rd,10926,16,12,22,8/8/2022,8 to 10 AM,1659945600,10.9 km
"Raidurgam, Old Mumbai Hwy, Madhura Nagar Colony, Gachibowli, Hyderabad, Telangana 500032, India","17.4238511, 78.3801842",RDBST,"Poojitha Tech Park, C85G+35Q, Financial District, Kokapet, Nanakaramguda, Telangana 500032, India","17.407702, 78.3254778",PoojithaTP,ISB Rd,9128,18,14,24,8/8/2022,8 to 10 AM,1659945600,9.1 km
"Raidurgam, Old Mumbai Hwy, Madhura Nagar Colony, Gachibowli, Hyderabad, Telangana 500032, India","17.4238511, 78.3801842",RDBST,"Poojitha Tech Park, C85G+35Q, Financial District, Kokapet, Nanakaramguda, Telangana 500032, India","17.407702, 78.3254778",PoojithaTP,Gachibowli Rd/Old Mumbai Hwy,10358,18,14,24,8/8/2022,8 to 10 AM,1659945600,10.4 km
"Raidurgam, Old Mumbai Hwy, Madhura Nagar Colony, Gachibowli, Hyderabad, Telangana 500032, India","17.4238511, 78.3801842",RDBST,"Tata Consultancy Services-Deccan Park, Deccan Park, Plot No.1, Hitech City Main Rd, Software Units Layout, HUDA Techno Enclave, HITEC City, Madhapur, Telangana 500081, India","17.444181699999998, 78.3778579",TCSdeccanTP,Hitech City Main Rd,4678,10,7,14,8/8/2022,8 to 10 AM,1659945600,4.7 km
"Raidurgam, Old Mumbai Hwy, Madhura Nagar Colony, Gachibowli, Hyderabad, Telangana 500032, India","17.4238511, 78.3801842",RDBST,"Tata Consultancy Services-Deccan Park, Deccan Park, Plot No.1, Hitech City Main Rd, Software Units Layout, HUDA Techno Enclave, HITEC City, Madhapur, Telangana 500081, India","17.444181699999998, 78.3778579",TCSdeccanTP,Biodiversity Flyover - I,4950,12,9,18,8/8/2022,8 to 10 AM,1659945600,5.0 km
"Raheja Mindspace Building 12c, C9PP+R7C, Madhapur, Telangana 500081, India","17.4370659, 78.38563189999999",Raheja12C,"Raidurg, Mindspace, Hitech City Rd, Phase 2, HITEC City, Hyderabad, Telangana 500081, India","17.4420795, 78.377135099",RDMTR,Mindspace Madhapur Rd,1505,6,4,10,8/8/2022,5 to 7 PM,1659978000,1.5 km
"HONEYWELL IT SOLUTIONS PVT LTD, # 3rd Floor, LP Tower, opp. Melange Towers, HITEC City, Madhapur, Telangana 500081, India","17.4449562, 78.384171",Honeywell IT,"Raidurg, Mindspace, Hitech City Rd, Phase 2, HITEC City, Hyderabad, Telangana 500081, India","17.4420795, 78.377135099",RDMTR,Huda Techno Enclave Rd,1564,6,4,9,8/8/2022,5 to 7 PM,1659978000,1.6 km
"Inorbit Gate, Silpa Gram Craft Village, Hyderabad, Telangana 500081, India","17.43321, 78.38578",Inorbit Gate,"Raidurg, Mindspace, Hitech City Rd, Phase 2, HITEC City, Hyderabad, Telangana 500081, India","17.4420795, 78.377135099",RDMTR,Inorbit Mall Rd,1768,6,4,9,8/8/2022,5 to 7 PM,1659978000,1.8 km
"Divyasree Tech Park, C9GH+3J2, Silpa Gram Craft Village, HITEC City, Hyderabad, Telangana 500032, India","17.4251403, 78.379027",DivyasreeTP,"Raidurg, Mindspace, Hitech City Rd, Phase 2, HITEC City, Hyderabad, Telangana 500081, India","17.4420795, 78.377135099",RDMTR,Hitech City Main Rd,2546,6,4,8,8/8/2022,5 to 7 PM,1659978000,2.5 km
"kazma technology, A1 Towers 4th Floor, Kavuri Hills Phase 3, Sri Rama Colony, Madhapur, Telangana 500033, India","17.4415495, 78.3966947",Kazmatech,"Borabanda, Borabanda Railway Station Rd, Allapur, Borabanda, Madhapur, Telangana 500018, India","17.4592097, 78.4080362",BORMTS,Madhapur Rd,3883,16,12,22,8/8/2022,5 to 7 PM,1659978000,3.9 km
"kazma technology, A1 Towers 4th Floor, Kavuri Hills Phase 3, Sri Rama Colony, Madhapur, Telangana 500033, India","17.4415495, 78.3966947",Kazmatech,"Borabanda, Borabanda Railway Station Rd, Allapur, Borabanda, Madhapur, Telangana 500018, India","17.4592097, 78.4080362",BORMTS,Peeli Dargah Rd and Madhapur Rd,4231,18,14,24,8/8/2022,5 to 7 PM,1659978000,4.2 km
"Madhapur Metro Station, Rd Number 36, Aditya Enclave, Venkatagiri, Jubilee Hills, Madhapur, Telangana 500033, India","17.43675829, 78.4006935",MADMTS,"Borabanda, Borabanda Railway Station Rd, Allapur, Borabanda, Madhapur, Telangana 500018, India","17.4592097, 78.4080362",BORMTS,Madhapur Rd,4744,18,14,26,8/8/2022,5 to 7 PM,1659978000,4.7 km
"Madhapur Metro Station, Rd Number 36, Aditya Enclave, Venkatagiri, Jubilee Hills, Madhapur, Telangana 500033, India","17.43675829, 78.4006935",MADMTS,"Borabanda, Borabanda Railway Station Rd, Allapur, Borabanda, Madhapur, Telangana 500018, India","17.4592097, 78.4080362",BORMTS,Madhapur Rd and Rd Number 36,4461,18,12,26,8/8/2022,5 to 7 PM,1659978000,4.5 km
"Madhapur Metro Station, Rd Number 36, Aditya Enclave, Venkatagiri, Jubilee Hills, Madhapur, Telangana 500033, India","17.43675829, 78.4006935",MADMTS,"Borabanda, Borabanda Railway Station Rd, Allapur, Borabanda, Madhapur, Telangana 500018, India","17.4592097, 78.4080362",BORMTS,"Peeli Dargah Rd, Madhapur Rd and Rd Number 36",5092,20,16,28,8/8/2022,5 to 7 PM,1659978000,5.1 km
"Hitech City Bus Stop, Hitech City Rd, Jaihind Enclave, HITEC City, Hyderabad, Telangana 500081, India","17.450128, 78.382053",HCBTS,"Borabanda, Borabanda Railway Station Rd, Allapur, Borabanda, Madhapur, Telangana 500018, India","17.4592097, 78.4080362",BORMTS,Bhagyanagar Colony Main Rd and Hitech City Main Rd,4568,16,12,24,8/8/2022,5 to 7 PM,1659978000,4.6 km
"Hitech City Bus Stop, Hitech City Rd, Jaihind Enclave, HITEC City, Hyderabad, Telangana 500081, India","17.450128, 78.382053",HCBTS,"Borabanda, Borabanda Railway Station Rd, Allapur, Borabanda, Madhapur, Telangana 500018, India","17.4592097, 78.4080362",BORMTS,100 Feet Rd,4072,18,12,26,8/8/2022,5 to 7 PM,1659978000,4.1 km
"Hitech City Bus Stop, Hitech City Rd, Jaihind Enclave, HITEC City, Hyderabad, Telangana 500081, India","17.450128, 78.382053",HCBTS,"Borabanda, Borabanda Railway Station Rd, Allapur, Borabanda, Madhapur, Telangana 500018, India","17.4592097, 78.4080362",BORMTS,Peeli Dargah Rd and 100 Feet Rd,4506,20,16,28,8/8/2022,5 to 7 PM,1659978000,4.5 km
"DivyaSree Tech Ridge, C978+2X7, Lanco Hills Private Rd, Khajaguda, Telangana 500089, India","17.4125502, 78.367424",DivyasreeTR,"Raidurgam, Old Mumbai Hwy, Madhura Nagar Colony, Gachibowli, Hyderabad, Telangana 500032, India","17.4238511, 78.3801842",RDBST,Gachibowli Rd/Old Mumbai Hwy and ESCI Rd,3546,9,7,12,8/8/2022,5 to 7 PM,1659978000,3.5 km
"DivyaSree Tech Ridge, C978+2X7, Lanco Hills Private Rd, Khajaguda, Telangana 500089, India","17.4125502, 78.367424",DivyasreeTR,"Raidurgam, Old Mumbai Hwy, Madhura Nagar Colony, Gachibowli, Hyderabad, Telangana 500032, India","17.4238511, 78.3801842",RDBST,Gachibowli Rd/Old Mumbai Hwy and Khajaguda - Nanakramguda Rd,4036,10,8,16,8/8/2022,5 to 7 PM,1659978000,4.0 km
"DivyaSree Tech Ridge, C978+2X7, Lanco Hills Private Rd, Khajaguda, Telangana 500089, India","17.4125502, 78.367424",DivyasreeTR,"Raidurgam, Old Mumbai Hwy, Madhura Nagar Colony, Gachibowli, Hyderabad, Telangana 500032, India","17.4238511, 78.3801842",RDBST,Khajaguda - Nanakramguda Rd and Lanco Hills Rd/Manikonda Rd,2569,9,7,10,8/8/2022,5 to 7 PM,1659978000,2.6 km
"Sohini Tech Park, Nanakramguda Rd, Financial District, Gachibowli, Nanakaramguda, Telangana 500032, India","17.422721499999998, 78.3471438",SohiniTP,"Raidurgam, Old Mumbai Hwy, Madhura Nagar Colony, Gachibowli, Hyderabad, Telangana 500032, India","17.4238511, 78.3801842",RDBST,Gachibowli Rd/Old Mumbai Hwy and Nehru Outer Ring Rd,6459,14,10,20,8/8/2022,5 to 7 PM,1659978000,6.5 km
"Sohini Tech Park, Nanakramguda Rd, Financial District, Gachibowli, Nanakaramguda, Telangana 500032, India","17.422721499999998, 78.3471438",SohiniTP,"Raidurgam, Old Mumbai Hwy, Madhura Nagar Colony, Gachibowli, Hyderabad, Telangana 500032, India","17.4238511, 78.3801842",RDBST,Gachibowli Rd/Old Mumbai Hwy and Khajaguda - Nanakramguda Rd,6240,16,12,22,8/8/2022,5 to 7 PM,1659978000,6.2 km
"Sohini Tech Park, Nanakramguda Rd, Financial District, Gachibowli, Nanakaramguda, Telangana 500032, India","17.422721499999998, 78.3471438",SohiniTP,"Raidurgam, Old Mumbai Hwy, Madhura Nagar Colony, Gachibowli, Hyderabad, Telangana 500032, India","17.4238511, 78.3801842",RDBST,Gachibowli Rd/Old Mumbai Hwy and ISB Rd,7845,18,14,26,8/8/2022,5 to 7 PM,1659978000,7.8 km
"Poojitha Tech Park, C85G+35Q, Financial District, Kokapet, Nanakaramguda, Telangana 500032, India","17.407702, 78.3254778",PoojithaTP,"Raidurgam, Old Mumbai Hwy, Madhura Nagar Colony, Gachibowli, Hyderabad, Telangana 500032, India","17.4238511, 78.3801842",RDBST,Nehru Outer Ring Rd,10926,18,14,24,8/8/2022,5 to 7 PM,1659978000,10.9 km
"Poojitha Tech Park, C85G+35Q, Financial District, Kokapet, Nanakaramguda, Telangana 500032, India","17.407702, 78.3254778",PoojithaTP,"Raidurgam, Old Mumbai Hwy, Madhura Nagar Colony, Gachibowli, Hyderabad, Telangana 500032, India","17.4238511, 78.3801842",RDBST,ISB Rd,9128,20,16,30,8/8/2022,5 to 7 PM,1659978000,9.1 km
"Poojitha Tech Park, C85G+35Q, Financial District, Kokapet, Nanakaramguda, Telangana 500032, India","17.407702, 78.3254778",PoojithaTP,"Raidurgam, Old Mumbai Hwy, Madhura Nagar Colony, Gachibowli, Hyderabad, Telangana 500032, India","17.4238511, 78.3801842",RDBST,Khajaguda - Nanakramguda Rd and Nehru Outer Ring Rd,10982,20,16,30,8/8/2022,5 to 7 PM,1659978000,11.0 km
"Tata Consultancy Services-Deccan Park, Deccan Park, Plot No.1, Hitech City Main Rd, Software Units Layout, HUDA Techno Enclave, HITEC City, Madhapur, Telangana 500081, India","17.444181699999998, 78.3778579",TCSdeccanTP,"Raidurgam, Old Mumbai Hwy, Madhura Nagar Colony, Gachibowli, Hyderabad, Telangana 500032, India","17.4238511, 78.3801842",RDBST,Hitech City Main Rd,4678,12,9,18,8/8/2022,5 to 7 PM,1659978000,4.7 km
"Tata Consultancy Services-Deccan Park, Deccan Park, Plot No.1, Hitech City Main Rd, Software Units Layout, HUDA Techno Enclave, HITEC City, Madhapur, Telangana 500081, India","17.444181699999998, 78.3778579",TCSdeccanTP,"Raidurgam, Old Mumbai Hwy, Madhura Nagar Colony, Gachibowli, Hyderabad, Telangana 500032, India","17.4238511, 78.3801842",RDBST,Biodiversity Flyover - I,4950,14,10,22,8/8/2022,5 to 7 PM,1659978000,5.0 km
Raidurg metro,"17.4420795, 78.377135099",RDMTR,waverock bus stop,"17.418422, 78.343454",WAVBTS,ISB Rd,8929,19,14,30,9/19/2022,8 to 10 AM,1663574400,8.9 km
Raidurg metro,"17.4420795, 78.377135099",RDMTR,waverock bus stop,"17.418422, 78.343454",WAVBTS,Narsing Nanakramguda Service Rd,10887,21,16,30,9/19/2022,8 to 10 AM,1663574400,10.9 km
Raidurg metro,"17.4420795, 78.377135099",RDMTR,waverock bus stop,"17.418422, 78.343454",WAVBTS,Mindspace Rd and ISB Rd,8906,23,16,40,9/19/2022,8 to 10 AM,1663574400,8.9 km
Hitech City Bus Stop,"17.450128, 78.382053",HCBTS,cognizant financial district,"17.419946798, 78.3356792",CognizantFD,Hitech City Main Rd and ISB Rd,9958,23,14,35,9/19/2022,8 to 10 AM,1663574400,10.0 km
Hitech City Bus Stop,"17.450128, 78.382053",HCBTS,cognizant financial district,"17.419946798, 78.3356792",CognizantFD,Hitech City Main Rd and Khajaguda - Nanakramguda Rd,10771,24,16,40,9/19/2022,8 to 10 AM,1663574400,10.8 km
Hitech City Bus Stop,"17.450128, 78.382053",HCBTS,cognizant financial district,"17.419946798, 78.3356792",CognizantFD,Hitech City Rd and ISB Rd,9399,24,16,40,9/19/2022,8 to 10 AM,1663574400,9.4 km
Hitech mmts,"17.47065198, 78.383718",HCMTS,Raheja mindspace building 12d,"17.4369457, 78.3863549",Raheja12D,Kukatpally Housing Board - Hitech City Rd,4968,13,8,18,9/19/2022,8 to 10 AM,1663574400,5.0 km
Hitech mmts,"17.47065198, 78.383718",HCMTS,Raheja mindspace building 12d,"17.4369457, 78.3863549",Raheja12D,Hitech City Main Rd,6109,18,12,26,9/19/2022,8 to 10 AM,1663574400,6.1 km
Raidurg metro,"17.4420795, 78.377135",RDMTR,Tech mahindra hitech city,"17.4514615, 78.3722478",TechmHC,Rd Number 1,2094,6,4,8,9/19/2022,8 to 10 AM,1663574400,2.1 km
Raidurg metro,"17.4420795, 78.377135",RDMTR,Tech mahindra hitech city,"17.4514615, 78.3722478",TechmHC,Hitech City Main Rd/Kukatpally Housing Board - Hitech City Rd,2163,6,4,9,9/19/2022,8 to 10 AM,1663574400,2.2 km
Kothaguda x road,"17.45842, 78.366142",KOTBTS,TCS Synergy,"17.4499146, 78.3507987",TCSSYN,DLF Rd,4598,12,8,16,9/19/2022,8 to 10 AM,1663574400,4.6 km
Kothaguda x road,"17.45842, 78.366142",KOTBTS,TCS Synergy,"17.4499146, 78.3507987",TCSSYN,Botanical Garden Rd and Gachibowli Rd/Old Mumbai Hwy/Professor CR Rao Rd,6427,14,12,20,9/19/2022,8 to 10 AM,1663574400,6.4 km
Kothaguda x road,"17.45842, 78.366142",KOTBTS,TCS Synergy,"17.4499146, 78.3507987",TCSSYN,Gachibowli Rd/Old Mumbai Hwy,8473,20,14,26,9/19/2022,8 to 10 AM,1663574400,8.5 km
Kondapur bus stop,"17.4615109, 78.366903",KONBTS,Madhapur metro,"17.436758297, 78.4006935",MADMTS,Madhapur Rd,6835,18,12,26,9/19/2022,8 to 10 AM,1663574400,6.8 km
Kondapur bus stop,"17.4615109, 78.366903",KONBTS,Madhapur metro,"17.436758297, 78.4006935",MADMTS,Hitech City Rd,6090,18,12,28,9/19/2022,8 to 10 AM,1663574400,6.1 km
Kondapur bus stop,"17.4615109, 78.366903",KONBTS,Madhapur metro,"17.436758297, 78.4006935",MADMTS,Inorbit Mall Rd,7724,20,14,28,9/19/2022,8 to 10 AM,1663574400,7.7 km
Jubilee hills checkpost,"17.425235, 78.414434",JHCP,Cyber towers,"17.4507092, 78.3813335",CT,Rd Number 45 and Hitech City Rd,5828,16,10,24,9/19/2022,8 to 10 AM,1663574400,5.8 km
Jubilee hills checkpost,"17.425235, 78.414434",JHCP,Cyber towers,"17.4507092, 78.3813335",CT,Rd Number 36 and Hitech City Rd,5688,16,10,22,9/19/2022,8 to 10 AM,1663574400,5.7 km
Jubilee hills checkpost,"17.425235, 78.414434",JHCP,Cyber towers,"17.4507092, 78.3813335",CT,Durgam Cheruvu Cable Bridge,7028,16,12,24,9/19/2022,8 to 10 AM,1663574400,7.0 km
Gachibowli bus stop,"17.4385978, 78.3643087",GHBBTS,Honeywell,"17.41862249, 78.34402709",Honeywell,ISB Rd,5146,14,10,20,9/19/2022,8 to 10 AM,1663574400,5.1 km
Gachibowli bus stop,"17.4385978, 78.3643087",GHBBTS,Honeywell,"17.41862249, 78.34402709",Honeywell,Gachibowli Rd/Old Mumbai Hwy and ISB Rd,5367,14,9,20,9/19/2022,8 to 10 AM,1663574400,5.4 km
Gachibowli bus stop,"17.4385978, 78.3643087",GHBBTS,Honeywell,"17.41862249, 78.34402709",Honeywell,Nehru Outer Ring Rd,6272,14,10,20,9/19/2022,8 to 10 AM,1663574400,6.3 km
Gachibowli bus stop,"17.4385978, 78.3643087",GHBBTS,Q city,"17.4274243, 78.33181689",Qcity,ISB Rd and Wipro Cir,4953,14,9,18,9/19/2022,8 to 10 AM,1663574400,5.0 km
Gachibowli bus stop,"17.4385978, 78.3643087",GHBBTS,Q city,"17.4274243, 78.33181689",Qcity,ISB Rd,5175,14,9,20,9/19/2022,8 to 10 AM,1663574400,5.2 km
Gachibowli bus stop,"17.4385978, 78.3643087",GHBBTS,Q city,"17.4274243, 78.33181689",Qcity,Nehru Outer Ring Rd,6106,14,10,22,9/19/2022,8 to 10 AM,1663574400,6.1 km
Hitech mmts,"17.4698751, 78.3851087",GHBBTS,Genpact,"17.4855968, 78.358538",GenepactHFP,Gachibowli - Miyapur Rd,6056,14,12,18,9/19/2022,8 to 10 AM,1663574400,6.1 km
Hitech mmts,"17.4698751, 78.3851087",GHBBTS,Genpact,"17.4855968, 78.358538",GenepactHFP,Kukatpally Housing Board Rd and Hafeezpet Rd,5341,14,12,18,9/19/2022,8 to 10 AM,1663574400,5.3 km
Kothaguda x road,"17.45842, 78.366142",KOTBTS,Genpact,"17.4855968, 78.358538",GenepactHFP,Gachibowli - Miyapur Rd,4166,12,8,18,9/19/2022,8 to 10 AM,1663574400,4.2 km
Hitech mmts,"17.47065198, 78.383718",HCMTS,Galaxy by aurobindo ,"17.4368364, 78.3753698",GalaxyAB,Kukatpally Housing Board Rd and Kukatpally Housing Board - Hitech City Rd,6370,16,12,22,9/19/2022,8 to 10 AM,1663574400,6.4 km
Hitech mmts,"17.47065198, 78.383718",HCMTS,Galaxy by aurobindo ,"17.4368364, 78.3753698",GalaxyAB,Kukatpally Housing Board Rd,8333,22,18,30,9/19/2022,8 to 10 AM,1663574400,8.3 km
Madhapur metro,"17.43675829, 78.4006935",MADMTS,C2S technologies,"17.4557489, 78.3745407",C2Stech,Hitech City Rd,3816,10,6,16,9/19/2022,8 to 10 AM,1663574400,3.8 km
Madhapur metro,"17.43675829, 78.4006935",MADMTS,C2S technologies,"17.4557489, 78.3745407",C2Stech,Inorbit Mall Rd,5999,12,9,18,9/19/2022,8 to 10 AM,1663574400,6.0 km
Madhapur bus stop,"17.45442508, 78.3789537",MADBTS,Deloitte towers,"17.4417603, 78.3696518",DeloitteT,Hitech City Main Rd and Mindspace Rd,2794,8,5,12,9/19/2022,8 to 10 AM,1663574400,2.8 km
Madhapur bus stop,"17.45442508, 78.3789537",MADBTS,Deloitte towers,"17.4417603, 78.3696518",DeloitteT,Hitech City Rd and Gachibowli - Miyapur Rd,3958,10,8,14,9/19/2022,8 to 10 AM,1663574400,4.0 km
Madhapur metro,"17.43675829, 78.4006935",MADMTS,DLF cyber city,"17.4473388, 78.3564887",DLFCT,Mindspace Rd,6972,16,12,22,9/19/2022,8 to 10 AM,1663574400,7.0 km
Madhapur metro,"17.43675829, 78.4006935",MADMTS,DLF cyber city,"17.4473388, 78.3564887",DLFCT,Gachibowli Rd/Old Mumbai Hwy,8479,18,14,26,9/19/2022,8 to 10 AM,1663574400,8.5 km
Madhapur metro,"17.43675829, 78.4006935",MADMTS,DLF cyber city,"17.4473388, 78.3564887",DLFCT,Hitech City Rd,7218,18,14,28,9/19/2022,8 to 10 AM,1663574400,7.2 km
waverock bus stop,"17.418422, 78.343454",WAVBTS,Raidurg metro,"17.4420795, 78.377135099",RDMTR,ISB Rd,8259,22,14,35,9/19/2022,5 to 7 PM,1663606800,8.3 km
waverock bus stop,"17.418422, 78.343454",WAVBTS,Raidurg metro,"17.4420795, 78.377135099",RDMTR,Nehru Outer Ring Rd,8471,24,14,35,9/19/2022,5 to 7 PM,1663606800,8.5 km
waverock bus stop,"17.418422, 78.343454",WAVBTS,Raidurg metro,"17.4420795, 78.377135099",RDMTR,Khajaguda - Nanakramguda Rd,8197,22,16,35,9/19/2022,5 to 7 PM,1663606800,8.2 km
Cognizant financial district,"17.419946798, 78.3356792",CognizantFD,Hitech city bus stop,"17.450128, 78.382053",HCBTS,ISB Rd and Hitech City Main Rd,9286,24,16,35,9/19/2022,5 to 7 PM,1663606800,9.3 km
Cognizant financial district,"17.419946798, 78.3356792",CognizantFD,Hitech city bus stop,"17.450128, 78.382053",HCBTS,Hitech City Main Rd,9498,24,18,40,9/19/2022,5 to 7 PM,1663606800,9.5 km
Cognizant financial district,"17.419946798, 78.3356792",CognizantFD,Hitech city bus stop,"17.450128, 78.382053",HCBTS,Khajaguda - Nanakramguda Rd,9795,26,18,40,9/19/2022,5 to 7 PM,1663606800,9.8 km
Raheja mindspace building 12d,"17.4369457, 78.3863549",Raheja12D,Hitech mmts,"17.470751, 78.383395",HCMTS,Kukatpally Housing Board - Hitech City Rd,5400,18,14,26,9/19/2022,5 to 7 PM,1663606800,5.4 km
Tech mahindra hitech city,"17.4514615, 78.3722478",TechmHC,Raidurg metro,"17.4420795, 78.377135099",RDMTR,Hitech City Main Rd,3687,12,8,18,9/19/2022,5 to 7 PM,1663606800,3.7 km
Tech mahindra hitech city,"17.4514615, 78.3722478",TechmHC,Raidurg metro,"17.4420795, 78.377135099",RDMTR,Rd Number 1 and Hitech City Main Rd,2132,8,6,12,9/19/2022,5 to 7 PM,1663606800,2.1 km
Tech mahindra hitech city,"17.4514615, 78.3722478",TechmHC,Raidurg metro,"17.4420795, 78.377135099",RDMTR,Mindspace Rd,2845,12,10,14,9/19/2022,5 to 7 PM,1663606800,2.8 km
TCS Synergy,"17.4499146, 78.3507987",TCSSYN,Kothaguda x road,"17.45842, 78.366142",KOTBTS,DLF Rd and Gachibowli - Miyapur Rd,3869,14,10,22,9/19/2022,5 to 7 PM,1663606800,3.9 km
Madhapur metro,"17.43675829, 78.4006935",MADMTS,Kondapur bus stop,"17.46151098, 78.366909",KONBTS,Hitech City Rd,5105,18,12,30,9/19/2022,5 to 7 PM,1663606800,5.1 km
Madhapur metro,"17.43675829, 78.4006935",MADMTS,Kondapur bus stop,"17.46151098, 78.366909",KONBTS,Inorbit Mall Rd and Hitech City Rd,7288,22,16,35,9/19/2022,5 to 7 PM,1663606800,7.3 km
Madhapur metro,"17.43675829, 78.4006935",MADMTS,Kondapur bus stop,"17.46151098, 78.366909",KONBTS,Madhapur Rd and Hitech City Rd,6715,22,16,35,9/19/2022,5 to 7 PM,1663606800,6.7 km
Cyber towers,"17.4507092, 78.3813335",CT,Jubilee hills checkpost,"17.425235, 78.414434",JHCP,Durgam Cheruvu Cable Bridge,7369,22,16,35,9/19/2022,5 to 7 PM,1663606800,7.4 km
Cyber towers,"17.4507092, 78.3813335",CT,Jubilee hills checkpost,"17.425235, 78.414434",JHCP,Hitech City Rd and Road Number 10,6981,22,16,40,9/19/2022,5 to 7 PM,1663606800,7.0 km
Cyber towers,"17.4507092, 78.3813335",CT,Jubilee hills checkpost,"17.425235, 78.414434",JHCP,Road Number 10,7862,24,18,35,9/19/2022,5 to 7 PM,1663606800,7.9 km
Q City,"17.4274243, 78.33181689",Qcity,Gachibowli bus stop,"17.4385978, 78.3643087",GHBBTS,Nehru Outer Ring Rd,5159,12,8,18,9/19/2022,5 to 7 PM,1663606800,5.2 km
Q City,"17.4274243, 78.33181689",Qcity,Gachibowli bus stop,"17.4385978, 78.3643087",GHBBTS,ISB Rd and Gachibowli Rd/Old Mumbai Hwy,4959,12,8,18,9/19/2022,5 to 7 PM,1663606800,5.0 km
Genpact Hafeezpet,"17.4855968, 78.35853829",GenepactHFP,Hitech mmts,"17.470751, 78.383395",HCMTS,Hafeezpet Rd and Kukatpally Housing Board Rd,5419,16,12,20,9/19/2022,5 to 7 PM,1663606800,5.4 km
Genpact Hafeezpet,"17.4855968, 78.35853829",GenepactHFP,Hitech mmts,"17.470751, 78.383395",HCMTS,Gachibowli - Miyapur Rd,6564,18,14,24,9/19/2022,5 to 7 PM,1663606800,6.6 km
Genpact Hafeezpet,"17.4855968, 78.35853829",GenepactHFP,Kothaguda x road,"17.45842, 78.366142",KOTBTS,Gachibowli - Miyapur Rd,4613,16,12,22,9/19/2022,5 to 7 PM,1663606800,4.6 km
Galaxy by aurobindo,"17.4368364, 78.3753698",GalaxyAB,Hitech mmts,"17.470751, 78.383395",HCMTS,Kukatpally Housing Board - Hitech City Rd,5153,14,10,22,9/19/2022,5 to 7 PM,1663606800,5.2 km
Galaxy by aurobindo,"17.4368364, 78.3753698",GalaxyAB,Hitech mmts,"17.470751, 78.383395",HCMTS,Hitech City Main Rd,5501,18,12,26,9/19/2022,5 to 7 PM,1663606800,5.5 km
Deloitte towers,"17.4417603, 78.3696518",DeloitteT,Madhapur bus stop,"17.4393849, 78.39604899",MADBTS,Mindspace Rd,4346,10,7,16,9/19/2022,5 to 7 PM,1663606800,4.3 km
Deloitte towers,"17.4417603, 78.3696518",DeloitteT,Madhapur bus stop,"17.4393849, 78.39604899",MADBTS,Mindspace Rd and Vittal Rao Nagar Rd,4926,16,12,26,9/19/2022,5 to 7 PM,1663606800,4.9 km
Deloitte towers,"17.4417603, 78.3696518",DeloitteT,Madhapur bus stop,"17.4393849, 78.39604899",MADBTS,Mindspace Rd and Hitech City Rd,5418,18,12,28,9/19/2022,5 to 7 PM,1663606800,5.4 km
DLF Cyber city gachibowli,"17.4473388, 78.3564887",DLFCT,Madhapur metro,"17.43675829, 78.4006935",MADMTS,Gachibowli Rd/Old Mumbai Hwy,8600,22,16,28,9/19/2022,5 to 7 PM,1663606800,8.6 km
DLF Cyber city gachibowli,"17.4473388, 78.3564887",DLFCT,Madhapur metro,"17.43675829, 78.4006935",MADMTS,Old Mumbai Hwy,9211,22,18,30,9/19/2022,5 to 7 PM,1663606800,9.2 km
DLF Cyber city gachibowli,"17.4473388, 78.3564887",DLFCT,Madhapur metro,"17.43675829, 78.4006935",MADMTS,Gachibowli Rd/Old Mumbai Hwy and Mindspace Rd,7708,22,18,35,9/19/2022,5 to 7 PM,1663606800,7.7 km
Durgam Cheruvu Metro,"17.442771, 78.38751429999999",DCHM,Biodivercity junction,"17.429071, 78.3764762",BDJG,Hitech City Main Rd,3406,8,6,12,9/15/2022,8 to 10 AM,1663230600,3.4 km
Durgam Cheruvu Metro,"17.442771, 78.38751429999999",DCHM,Biodivercity junction,"17.429071, 78.3764762",BDJG,Hitech City Rd and Hitech City Main Rd,4145,9,6,14,9/15/2022,8 to 10 AM,1663230600,4.1 km
Hi-Tech City MMTS,"17.4698751, 78.3851087",HCMTS,Biodivercity junction,"17.429071, 78.3764762",BDJG,Kukatpally Housing Board Rd and Hitech City Rd,6966,16,12,20,9/15/2022,8 to 10 AM,1663230600,7.0 km
Cyber towers,"17.4507092, 78.3813335",CT,Biodivercity junction,"17.429071, 78.3764762",BDJG,Hitech City Main Rd,3431,8,6,10,9/15/2022,8 to 10 AM,1663230600,3.4 km
Cyber towers,"17.4507092, 78.3813335",CT,Jubliehill checkpost,"17.430084, 78.422997",JHCP,Hitech City Rd and Road Number 10,7155,18,14,28,9/15/2022,8 to 10 AM,1663230600,7.2 km
Cyber towers,"17.4507092, 78.3813335",CT,Jubliehill checkpost,"17.430084, 78.422997",JHCP,Durgam Cheruvu Cable Bridge,8828,20,16,28,9/15/2022,8 to 10 AM,1663230600,8.8 km
Cyber towers,"17.4507092, 78.3813335",CT,Jubliehill checkpost,"17.430084, 78.422997",JHCP,Road Number 10,8036,20,14,28,9/15/2022,8 to 10 AM,1663230600,8.0 km
Cyber towers,"17.4507092, 78.3813335",CT,Forum Sujana Mall,"17.4840645, 78.3890165",FSM,Kukatpally Housing Board - Hitech City Rd,4472,10,8,14,9/15/2022,8 to 10 AM,1663230600,4.5 km
Cyber towers,"17.4507092, 78.3813335",CT,Kothaguda X Road,"17.45842, 78.366142",KGXR,Hitech City Rd,2496,8,6,12,9/15/2022,8 to 10 AM,1663230600,2.5 km
Raheja Mind Space,"17.441783, 78.377021",Raheja,Durgam Cheruvu Metro,"17.442771, 78.38751429999999",DCHM,Hitech City Main Rd and Hitech City Rd,3114,8,5,14,9/15/2022,8 to 10 AM,1663230600,3.1 km
Raheja Mind Space,"17.441783, 78.377021",Raheja,Durgam Cheruvu Metro,"17.442771, 78.38751429999999",DCHM,Inorbit Mall Rd,3570,10,7,16,9/15/2022,8 to 10 AM,1663230600,3.6 km
Raheja Mind Space,"17.441783, 78.377021",Raheja,"Decathlon junction,Gachibowli","17.446251399999998, 78.3637803",DCJG,Mindspace Rd,2561,7,5,10,9/15/2022,8 to 10 AM,1663230600,2.6 km
DLF Cyber city gachibowli,"17.4445758, 78.3536276",DLFCT,"Decathlon junction,Gachibowli","17.446251399999998, 78.3637803",DCJG,Gachibowli Rd/Old Mumbai Hwy and Gachibowli - Miyapur Rd,2848,7,5,12,9/15/2022,8 to 10 AM,1663230600,2.8 km
DLF Cyber city gachibowli,"17.4445758, 78.3536276",DLFCT,"Decathlon junction,Gachibowli","17.446251399999998, 78.3637803",DCJG,DLF Rd,3163,10,7,14,9/15/2022,8 to 10 AM,1663230600,3.2 km
Waverock Bus station,"17.418422, 78.343454",WAVBTS,Gopanapalli Thanda Junction,"17.447400899999998, 78.3054143",GPTJ,Rd Number 2 and Wipro Circle Rd,5265,12,9,20,9/15/2022,8 to 10 AM,1663230600,5.3 km
Waverock Bus station,"17.418422, 78.343454",WAVBTS,Kokapet toll plaza,"17.4071788, 78.3302563",KPTP,Rd Number 2 and ISB Rd,2548,6,4,9,9/15/2022,8 to 10 AM,1663230600,2.5 km
Waverock Bus station,"17.418422, 78.343454",WAVBTS,Kokapet toll plaza,"17.4071788, 78.3302563",KPTP,Rd Number 1 and ISB Rd,2538,6,4,9,9/15/2022,8 to 10 AM,1663230600,2.5 km
Waverock Bus station,"17.418422, 78.343454",WAVBTS,DLF Cyber city gachibowli,"17.4477696, 78.35396",DLFCT,ISB Rd,5899,18,12,24,9/15/2022,8 to 10 AM,1663230600,5.9 km
Waverock Bus station,"17.418422, 78.343454",WAVBTS,DLF Cyber city gachibowli,"17.4477696, 78.35396",DLFCT,Nehru Outer Ring Rd,7605,18,14,28,9/15/2022,8 to 10 AM,1663230600,7.6 km
Waverock Bus station,"17.418422, 78.343454",WAVBTS,DLF Cyber city gachibowli,"17.4477696, 78.35396",DLFCT,Nehru Outer Ring Rd and Gachibowli - Miyapur Rd,7289,20,14,28,9/15/2022,8 to 10 AM,1663230600,7.3 km
Raidurg Metro Station,"17.4420795, 78.37713509999999",RDMTR,Biodivercity Junction,"17.429071, 78.3764762",BDJG,Hitech City Main Rd,2066,4,3,6,9/15/2022,8 to 10 AM,1663230600,2.1 km
Raidurg Metro Station,"17.4420795, 78.37713509999999",RDMTR,Kothagua X road,"17.45842, 78.366142",KGXR,Hitech City Main Rd and Hitech City Rd,3087,8,5,12,9/15/2022,8 to 10 AM,1663230600,3.1 km
Raidurg Metro Station,"17.4420795, 78.37713509999999",RDMTR,Kothagua X road,"17.45842, 78.366142",KGXR,Hitech City Rd,3152,8,5,12,9/15/2022,8 to 10 AM,1663230600,3.2 km
Raidurg Metro Station,"17.4420795, 78.37713509999999",RDMTR,Cyber towers,"17.4507092, 78.3813335",CT,Hitech City Main Rd,1685,6,4,8,9/15/2022,8 to 10 AM,1663230600,1.7 km
Raidurg Metro Station,"17.4420795, 78.37713509999999",RDMTR,DLF Cyber city gachibowli,"17.4477193, 78.3634998",DLFCT,Mindspace Rd,3179,9,7,14,9/15/2022,8 to 10 AM,1663230600,3.2 km
Raidurg Metro Station,"17.4420795, 78.37713509999999",RDMTR,DLF Cyber city gachibowli,"17.4477193, 78.3634998",DLFCT,Gachibowli - Miyapur Rd,4200,12,8,18,9/15/2022,8 to 10 AM,1663230600,4.2 km
Raidurg Metro Station,"17.4420795, 78.37713509999999",RDMTR,Waverock Bus station,"17.418422, 78.343454",WAVBTS,ISB Rd,8929,20,14,26,9/15/2022,8 to 10 AM,1663230600,8.9 km
Raidurg Metro Station,"17.4420795, 78.37713509999999",RDMTR,Waverock Bus station,"17.418422, 78.343454",WAVBTS,Narsing Nanakramguda Service Rd,10887,22,16,28,9/15/2022,8 to 10 AM,1663230600,10.9 km
Raidurg Metro Station,"17.4420795, 78.37713509999999",RDMTR,Waverock Bus station,"17.418422, 78.343454",WAVBTS,Hitech City Main Rd and Narsing Nanakramguda Service Rd,11211,20,16,28,9/15/2022,8 to 10 AM,1663230600,11.2 km
Durgam Cheruvu Metro,"17.442771, 78.38751429999999",DCHM,Bio Diversity Junction,"17.429071, 78.3764762",BDJG,Hitech City Main Rd,3406,8,6,12,9/15/2022,8 to 10 AM,1663230600,3.4 km
Durgam Cheruvu Metro,"17.442771, 78.38751429999999",DCHM,Bio Diversity Junction,"17.429071, 78.3764762",BDJG,Hitech City Rd and Hitech City Main Rd,4145,9,6,14,9/15/2022,8 to 10 AM,1663230600,4.1 km
Uppal Metro Station,"17.4000909, 78.5601753",UMS,"NSL Arena Tower-1,Uppal","17.4024933, 78.5464526",NSLAT,NH163,1731,5,4,7,9/15/2022,8 to 10 AM,1663230600,1.7 km
Bio Diversity Junction,"17.429071, 78.3764762",BDJG,Durgam Cheruvu Metro,"17.442771, 78.38751429999999",DCHM,Durgam Cheruvu Rd/Inorbit Mall Rd,4550,16,12,26,9/15/2022,5 to 7 PM,1663266600,4.6 km
Bio Diversity Junction,"17.429071, 78.3764762",BDJG,Durgam Cheruvu Metro,"17.442771, 78.38751429999999",DCHM,Vittal Rao Nagar Rd,4554,18,12,28,9/15/2022,5 to 7 PM,1663266600,4.6 km
Bio Diversity Junction,"17.429071, 78.3764762",BDJG,Durgam Cheruvu Metro,"17.442771, 78.38751429999999",DCHM,Old Mumbai Hwy,6740,20,14,30,9/15/2022,5 to 7 PM,1663266600,6.7 km
Bio Diversity Junction,"17.429071, 78.3764762",BDJG,Hitechcity  MMTS,"17.4698751, 78.3851087",HCMTS,Kukatpally Housing Board - Hitech City Rd ,8402,30,24,45,9/15/2022,5 to 7 PM,1663266600,8.4 km
Bio Diversity Junction,"17.429071, 78.3764762",BDJG,Cyber towers,"17.4507092, 78.3813335",CT,Hitech City Main Rd,4161,18,12,28,9/15/2022,5 to 7 PM,1663266600,4.2 km
Bio Diversity Junction,"17.429071, 78.3764762",BDJG,Cyber towers,"17.4507092, 78.3813335",CT,Hitech City Rd,4400,18,12,28,9/15/2022,5 to 7 PM,1663266600,4.4 km
Jubilee Hills Checkpost,"17.430084, 78.422997",JHCP,Cyber towers,"17.4507092, 78.3813335",CT,Rd Number 36 and Hitech City Rd,6383,26,18,40,9/15/2022,5 to 7 PM,1663266600,6.4 km
Jubilee Hills Checkpost,"17.430084, 78.422997",JHCP,Cyber towers,"17.4507092, 78.3813335",CT,Rd Number 45 and Hitech City Rd,7032,26,18,45,9/15/2022,5 to 7 PM,1663266600,7.0 km
Jubilee Hills Checkpost,"17.430084, 78.422997",JHCP,Cyber towers,"17.4507092, 78.3813335",CT,Durgam Cheruvu Cable Bridge,8232,28,20,50,9/15/2022,5 to 7 PM,1663266600,8.2 km
Forum Sujana Mall,"17.4840645, 78.3890165",FSM,Cyber towers,"17.4507092, 78.3813335",CT,Kukatpally Housing Board - Hitech City Rd,4803,14,12,20,9/15/2022,5 to 7 PM,1663266600,4.8 km
Kothaguda X Road,"17.45842, 78.366142",KGXR,Cyber towers,"17.4507092, 78.3813335",CT,Hitech City Rd,3473,16,12,24,9/15/2022,5 to 7 PM,1663266600,3.5 km
Kothaguda X Road,"17.45842, 78.366142",KGXR,Cyber towers,"17.4507092, 78.3813335",CT,Gachibowli - Miyapur Rd and Hitech City Rd,3279,16,12,26,9/15/2022,5 to 7 PM,1663266600,3.3 km
Kothaguda X Road,"17.45842, 78.366142",KGXR,Cyber towers,"17.4507092, 78.3813335",CT,Mindspace Rd and Hitech City Main Rd,4991,20,14,30,9/15/2022,5 to 7 PM,1663266600,5.0 km
Durgam Cheruvu Metro,"17.442771, 78.38751429999999",DCHM,Raheja Mind Space,"17.4392033, 78.37724299999999",Raheja,Huda Techno Enclave Rd,2145,9,6,16,9/15/2022,5 to 7 PM,1663266600,2.1 km
Durgam Cheruvu Metro,"17.442771, 78.38751429999999",DCHM,Raheja Mind Space,"17.4392033, 78.37724299999999",Raheja,Hitech City Rd and Hitech City Main Rd,3271,14,8,22,9/15/2022,5 to 7 PM,1663266600,3.3 km
"Decathlon junction,Gachibowli","17.446251399999998, 78.3637803",DCJG,Raheja Mind Space,"17.4392033, 78.37724299999999",Raheja,Mindspace Rd,2943,14,9,20,9/15/2022,5 to 7 PM,1663266600,2.9 km
"Decathlon junction,Gachibowli","17.446251399999998, 78.3637803",DCJG,Raheja Mind Space,"17.4392033, 78.37724299999999",Raheja,Gachibowli - Miyapur Rd and Mindspace Rd,3527,14,9,20,9/15/2022,5 to 7 PM,1663266600,3.5 km
"Decathlon junction,Gachibowli","17.446251399999998, 78.3637803",DCJG,Raheja Mind Space,"17.4392033, 78.37724299999999",Raheja,Gachibowli Rd/Old Mumbai Hwy,4426,16,10,28,9/15/2022,5 to 7 PM,1663266600,4.4 km
Gopanapalli Thanda Junction,"17.447400899999998, 78.3054143",GPTJ,Waverock Bus station,"17.418422, 78.343454",WAVBTS,Wipro Circle Rd and Rd Number 2,6191,18,12,28,9/15/2022,5 to 7 PM,1663266600,6.2 km
Kokapet Toll Plaza,"17.4071788, 78.3302563",KPTP,Waverock Bus station,"17.418422, 78.343454",WAVBTS,ISB Rd,3226,9,6,14,9/15/2022,5 to 7 PM,1663266600,3.2 km
DLF Cyber city gachibowli,"17.4477696, 78.35396",DLFCT,Waverock Bus station,"17.418422, 78.343454",WAVBTS,ISB Rd and Rd Number 2,4650,14,9,24,9/15/2022,5 to 7 PM,1663266600,4.6 km
Bio Diversity Junction,"17.429071, 78.3764762",BDJG,Raidurg Metro Station,"17.4420795, 78.37713509999999",RDMTR,Gachibowli Rd/Old Mumbai Hwy,2476,10,7,18,9/15/2022,5 to 7 PM,1663266600,2.5 km
Bio Diversity Junction,"17.429071, 78.3764762",BDJG,Raidurg Metro Station,"17.4420795, 78.37713509999999",RDMTR,Hitech City Main Rd,3026,12,8,18,9/15/2022,5 to 7 PM,1663266600,3.0 km
Bio Diversity Junction,"17.429071, 78.3764762",BDJG,Raidurg Metro Station,"17.4420795, 78.37713509999999",RDMTR,Gachibowli- Biodiversity Flyover - I and Hitech City Main Rd,3571,14,9,20,9/15/2022,5 to 7 PM,1663266600,3.6 km
Kothaguda X Road,"17.45842, 78.366142",KGXR,Raidurg Metro Station,"17.4420795, 78.37713509999999",RDMTR,Gachibowli - Miyapur Rd and Mindspace Rd,3306,12,9,18,9/15/2022,5 to 7 PM,1663266600,3.3 km
Cyber towers,"17.4507092, 78.3813335",CT,Raidurg Metro Station,"17.4420795, 78.37713509999999",RDMTR,Hitech City Main Rd,2366,10,7,18,9/15/2022,5 to 7 PM,1663266600,2.4 km
"DLF Rd junction,Gachibowli - Miyapur","17.4477193, 78.3634998",DLFCT,Raidurg Metro Station,"17.4420795, 78.37713509999999",RDMTR,Mindspace Rd,2430,9,7,14,9/15/2022,5 to 7 PM,1663266600,2.4 km
"DLF Rd junction,Gachibowli - Miyapur","17.4477193, 78.3634998",DLFCT,Raidurg Metro Station,"17.4420795, 78.37713509999999",RDMTR,Mindspace Rd and Hitech City Rd,2930,12,8,18,9/15/2022,5 to 7 PM,1663266600,2.9 km
Waverock Bus station,"17.418422, 78.343454",WAVBTS,Raidurg Metro Station,"17.4420795, 78.37713509999999",RDMTR,ISB Rd,8259,26,18,40,9/15/2022,5 to 7 PM,1663266600,8.3 km
Waverock Bus station,"17.418422, 78.343454",WAVBTS,Raidurg Metro Station,"17.4420795, 78.37713509999999",RDMTR,Khajaguda - Nanakramguda Rd,8197,26,18,40,9/15/2022,5 to 7 PM,1663266600,8.2 km
Waverock Bus station,"17.418422, 78.343454",WAVBTS,Raidurg Metro Station,"17.4420795, 78.37713509999999",RDMTR,Nehru Outer Ring Rd,8771,26,20,45,9/15/2022,5 to 7 PM,1663266600,8.8 km
Bio Diversity Junction,"17.429071, 78.3764762",BDJG,Durgam cheruvu Metro station,"17.442771, 78.38751429999999",DCHM,Durgam Cheruvu Rd/Inorbit Mall Rd,4550,16,12,26,9/15/2022,5 to 7 PM,1663266600,4.6 km
Bio Diversity Junction,"17.429071, 78.3764762",BDJG,Durgam cheruvu Metro station,"17.442771, 78.38751429999999",DCHM,Vittal Rao Nagar Rd,4554,18,12,28,9/15/2022,5 to 7 PM,1663266600,4.6 km
Bio Diversity Junction,"17.429071, 78.3764762",BDJG,Durgam cheruvu Metro,"17.442771, 78.38751429999999",DCHM,Old Mumbai Hwy,6740,20,14,30,9/15/2022,5 to 7 PM,1663266600,6.7 km
"NSL Arena Tower-1,Uppal","17.4024933, 78.5464526",NSLAT,Uppal metro station,"17.4000909, 78.5601753",UMS,NH163 and Inner Ring Rd,2147,7,5,10,9/15/2022,5 to 7 PM,1663266600,2.1 km
"NSL Arena Tower-1,Uppal","17.4024933, 78.5464526",NSLAT,Uppal metro station,"17.4000909, 78.5601753",UMS,RGI Stadium Rd and Inner Ring Rd,2674,8,6,12,9/15/2022,5 to 7 PM,1663266600,2.7 km
Hitech Shilparamam Bus Station,"17.4543,78.3762",HSBS,Osi Digital,"17.451871733124776, 78.37032556864199",OSI,Hitech city main road,2500,10,5,17,9/19/2022,8 to 10 AM,1663574400,2.5km
Hitech City Road Bus Station,"17.4435,78.3772",HCRBS,Radiant Digital solution,"17.44562065840929, 78.38584182777848",RDS,Hitech city road,2500,8,4,16,9/19/2022,8 to 10 AM,1663574400,2.5km
Hitech City MMTS,"17.4699,78.3851",HCMMTS,Velluta Technologies,"17.47069409129836, 78.38345489547822",VT,Kukatpally Housing Board,1700,10,5,15,9/19/2022,8 to 10 AM,1663574400,1.7km
Hitech City MMTS,"17.4699,78.3851",HCMMTS,Cyber Tower,"17.4507,78.3813",CT,Hitech city & Housing Board,3900,20,15,30,9/19/2022,8 to 10 AM,1663574400,3.9km
Hitex Kaman Bus Station,"17.4568,78.3771",HKBS,Google Omega C,"17.459,78.3739",GOC,Hitech city road,2100,10,5,15,9/19/2022,8 to 10 AM,1663574400,2.1km
Hitex Kaman Bus Station,"17.4568,78.3771",HKBS,Dell International Services,"17.4484,78.3734",DIS,Hitech city road,2000,10,5,15,9/19/2022,8 to 10 AM,1663574400,2km
Osi Digital,"17.451871733124776, 78.37032556864199",OSI,Hitech Shilparamam,"17.4543,78.3762",HSBS,Hitech city main road,2500,10,5,17,9/19/2022,5 to 7 PM,1663606800,2.5km
Radiant Digital solution,"17.44562065840929, 78.38584182777848",RDS,Hitech City Road,"17.4435,78.3772",HCRBS,Hitech city road,2500,8,4,16,9/19/2022,5 to 7 PM,1663606800,2.5km
Velluta Technologies,"17.47069409129836, 78.38345489547822",VT,Hitech City MMTS,"17.4699,78.3851",HCMMTS,Kukatpally Housing Board,1700,10,5,15,9/19/2022,5 to 7 PM,1663606800,1.7km
Cyber Tower,"17.4507,78.3813",CT,Hitech City MMTS,"17.4699,78.3851",HCMMTS,Hitech city & Housing Board,3900,20,15,30,9/19/2022,5 to 7 PM,1649782800,3.9km
Google Omega C,"17.459,78.3739",GOC,Hitex Kaman,"17.4568,78.3771",HKBS,Hitech city road,2100,10,5,15,9/19/2022,5 to 7 PM,1649782800,2.1km
Dell International Services,"17.4484,78.3734",DIS,Hitex Kaman,"17.4568,78.3771",HKBS,Hitech city road,2000,10,5,15,9/19/2022,5 to 7 PM,1649782800,2km
"hafizapeta station road,hyderabad ","17.4832841, 78.3622197",HPSR,"Phase 2, HITEC City, Hyderabad","17.4462023, 78.3742678",PH2HC,Gachibowli - Miyapur Rd,7548,18,14,26,9/22/2022, 8 TO 10AM,1663833600,7.5 km
"hafizapeta station road,hyderabad ","17.4832841, 78.3622197",HPSR,"Phase 2, HITEC City, Hyderabad","17.4462023, 78.3742678",PH2HC,Kukatpally Housing Board - Hitech City Rd,9169,20,16,26,9/22/2022, 8 TO 10AM,1663833600,9.2 km
"hafizapeta station road,hyderabad ","17.4832841, 78.3622197",HPSR,"Phase 2, HITEC City, Hyderabad","17.4462023, 78.3742678",PH2HC,Botanical Garden Rd,9678,24,18,35,9/22/2022, 8 TO 10AM,1663833600,9.7 km
"hafizapeta station road,hyderabad ","17.4832841, 78.3622197",HPSR,Raheja Mindspace Building 12d,"17.436641899999998, 78.3859324",RMSB,Kukatpally Housing Board - Hitech City Rd,9045,20,16,26,9/22/2022, 8 TO 10AM,1663833600,9.0 km
"hafizapeta station road,hyderabad ","17.4832841, 78.3622197",HPSR,Raheja Mindspace Building 12d,"17.436641899999998, 78.3859324",RMSB,Botanical Garden Rd,9964,26,18,35,9/22/2022, 8 TO 10AM,1663833600,10.0 km
"hafizapeta station road,hyderabad","17.4832841, 78.3622197",HPSR,"C9CF+RRP, Madhura Nagar Colony, Gachibowli, Hyderabad","17.422078199999998, 78.3745856",RRPG,Kukatpally Housing Board - Hitech City Rd,12120,28,24,35,9/22/2022, 8 TO 10AM,1663833600,12.1 km
"hafizapeta station road,hyderabad","17.4832841, 78.3622197",HPSR,"C9CF+RRP, Madhura Nagar Colony, Gachibowli, Hyderabad","17.422078199999998, 78.3745856",RRPG,Gachibowli Rd/Old Mumbai Hwy,12289,35,24,45,9/22/2022, 8 TO 10AM,1663833600,12.3 km
"hafizapeta station road,hyderabad","17.4832841, 78.3622197",HPSR,"C9CF+RRP, Madhura Nagar Colony, Gachibowli, Hyderabad","17.422078199999998, 78.3745856",RRPG,Main Rd and Gachibowli Rd/Old Mumbai Hwy,13594,35,26,45,9/22/2022, 8 TO 10AM,1663833600,13.6 km
"Hitechcity mmts,hyderabad","17.4698751, 78.3851087",HCMMTS,"Biodivercity Junction,Hyderabad","17.429071, 78.3764762",BDCJ,Kukatpally Housing Board Rd and Kukatpally Housing Board - Hitech City Rd,6966,14,12,18,9/22/2022, 8 TO 10AM,1663833600,7.0 km
"Chandanagar mmts,hyderabad ","17.487335299999998, 78.3327197",CNMMTS,"Kothagua X road,Hyderabad","17.45842, 78.366142",KGXR,Manjeera Pipeline Rd and Gachibowli - Miyapur Rd,7108,20,16,28,9/22/2022, 8 TO 10AM,1663833600,7.1 km
"Chandanagar mmts,hyderabad ","17.487335299999998, 78.3327197",CNMMTS,"Kothagua X road,Hyderabad","17.45842, 78.366142",KGXR,Botanical Garden Rd,8573,24,18,35,9/22/2022, 8 TO 10AM,1663833600,8.6 km
"Chandanagar mmts,hyderabad ","17.487335299999998, 78.3327197",CNMMTS,"Kothagua X road,Hyderabad","17.45842, 78.366142",KGXR,Gachibowli Rd/Old Mumbai Hwy,10320,24,18,35,9/22/2022, 8 TO 10AM,1663833600,10.3 km
"Phase 2, HITEC City, Hyderabad","17.4462023, 78.3742678",PH2HC,"hafizapeta station road,hyderabad ","17.4832841, 78.3622197",HPSR,"Kukatpally Housing Board - Hitech City Rd, Kukatpally Housing Board Rd and Hafeezpet Rd",7539,20,16,26,9/22/2022, 5 TO 7PM,1663865999,7.5 km
"Phase 2, HITEC City, Hyderabad","17.4462023, 78.3742678",PH2HC,"hafizapeta station road,hyderabad ","17.4832841, 78.3622197",HPSR,Gachibowli - Miyapur Rd,6860,22,16,35,9/22/2022, 5 TO 7PM,1663865999,6.9 km
Raheja Mindspace Building 12d,"17.436641899999998, 78.3859324",RMSB,"hafizapeta station road,hyderabad ","17.4832841, 78.3622197",HPSR,Kukatpally Housing Board - Hitech City Rd and Kukatpally Housing Board Rd,8991,28,22,40,9/22/2022, 5 TO 7PM,1663865999,9.0 km
"IBM Raidurgam, Madhura Nagar Colony, Gachibowli, Hyderabad","17.422078199999998, 78.3745856",RRPG,"hafizapeta station road,hyderabad ","17.4832841, 78.3622197",HPSR,Hitech City Main Rd and Kukatpally Housing Board Rd,9927,26,22,35,9/22/2022, 5 TO 7PM,1663865999,9.9 km
"IBM Raidurgam, Madhura Nagar Colony, Gachibowli, Hyderabad","17.422078199999998, 78.3745856",RRPG,"hafizapeta station road,hyderabad ","17.4832841, 78.3622197",HPSR,Gachibowli - Miyapur Rd,9427,35,24,45,9/22/2022, 5 TO 7PM,1663865999,9.4 km
"IBM Raidurgam, Madhura Nagar Colony, Gachibowli, Hyderabad","17.422078199999998, 78.3745856",RRPG,"hafizapeta station road,hyderabad ","17.4832841, 78.3622197",HPSR,Hitech City Main Rd and Gachibowli - Miyapur Rd,10087,35,24,45,9/22/2022, 5 TO 7PM,1663865999,10.1 km
"Biodivercity Junction,Hyderabad","17.429071, 78.3764762",BDCJ,"Hitechcity mmts,hyderabad","17.4698751, 78.3851087",HCMMTS,Kukatpally Housing Board - Hitech City Rd and Kukatpally Housing Board Rd,8402,24,18,35,9/22/2022, 5 TO 7PM,1663865999,8.4 km
"Biodivercity Junction,Hyderabad","17.429071, 78.3764762",BDCJ,"Hitechcity mmts,hyderabad","17.4698751, 78.3851087",HCMMTS,Durgam Cheruvu Rd/Inorbit Mall Rd,9405,30,22,50,9/22/2022, 5 TO 7PM,1663865999,9.4 km
"Biodivercity Junction,Hyderabad","17.429071, 78.3764762",BDCJ,"Hitechcity mmts,hyderabad","17.4698751, 78.3851087",HCMMTS,Madhapur Rd,10904,30,22,45,9/22/2022, 5 TO 7PM,1663865999,10.9 km
"Kothagua X road,Hyderabad","17.45842, 78.366142",KGXR,"Chandanagar mmts,hyderabad ","17.487335299999998, 78.3327197",CNMMTS,Botanical Garden Rd,7469,22,16,35,9/22/2022, 5 TO 7PM,1663865999,7.5 km
"Kothagua X road,Hyderabad","17.45842, 78.366142",KGXR,"Chandanagar mmts,hyderabad ","17.487335299999998, 78.3327197",CNMMTS,Botanical Garden Rd and Gachibowli Rd/Old Mumbai Hwy,8132,22,16,35,9/22/2022, 5 TO 7PM,1663865999,8.1 km
"Kothagua X road,Hyderabad","17.45842, 78.366142",KGXR,"Chandanagar mmts,hyderabad ","17.487335299999998, 78.3327197",CNMMTS,Gachibowli - Miyapur Rd and Manjeera Pipeline Rd,7467,24,18,40,9/22/2022, 5 TO 7PM,1663865999,7.5 km
